Program ID,Lines of Code,Executable Lines,Comment Lines,McCabe Complexity,Cognitive Complexity,Halstead Volume,Halstead Difficulty,Maintainability Index,Technical Debt Hours,Parse Confidence
sl910,0,0,0,20,22,0,0,100,0,0
st010,0,0,0,12,12,0,0,100,0,0
xl150,0,0,0,11,11,0,0,100,0,0
sl920,0,0,0,10,9,0,0,100,0,0
st020,0,0,0,10,9,0,0,100,0,0
sl810,0,0,0,9,9,0,0,100,0,0
sl810,0,0,0,9,9,0,0,100,0,0
sl930,0,0,0,9,10,0,0,100,0,0
plautogenMT,0,0,0,8,8,0,0,100,0,0
plinvoiceMT,0,0,0,8,8,0,0,100,0,0
slautogenMT,0,0,0,8,8,0,0,100,0,0
slinvoiceMT,0,0,0,8,8,0,0,100,0,0
gl030,0,0,0,6,7,0,0,100,0,0
otm3MT,0,0,0,6,7,0,0,100,0,0
otm5MT,0,0,0,6,7,0,0,100,0,0
sl190,0,0,0,6,5,0,0,100,0,0
sl950,0,0,0,6,5,0,0,100,0,0
st040,0,0,0,6,5,0,0,100,0,0
sys002,0,0,0,6,6,0,0,100,0,0
acas010,0,0,0,5,5,0,0,100,0,0
acas012,0,0,0,5,5,0,0,100,0,0
delfolioMT,0,0,0,5,6,0,0,100,0,0
deliveryMT,0,0,0,5,6,0,0,100,0,0
dfltMT,0,0,0,5,6,0,0,100,0,0
finalMT,0,0,0,5,6,0,0,100,0,0
glpostingMT,0,0,0,5,6,0,0,100,0,0
irs060,0,0,0,5,6,0,0,100,0,0
irsdfltMT,0,0,0,5,6,0,0,100,0,0
irsnominalMT,0,0,0,5,6,0,0,100,0,0
irspostingMT,0,0,0,5,4,0,0,100,0,0
nominalMT,0,0,0,5,6,0,0,100,0,0
purchMT,0,0,0,5,6,0,0,100,0,0
salesMT,0,0,0,5,6,0,0,100,0,0
sl110,0,0,0,5,4,0,0,100,0,0
sldelinvnosMT,0,0,0,5,6,0,0,100,0,0
slpostingMT,0,0,0,5,6,0,0,100,0,0
st060,0,0,0,5,5,0,0,100,0,0
sys4MT,0,0,0,5,6,0,0,100,0,0
systemMT,0,0,0,5,6,0,0,100,0,0
valueMT,0,0,0,5,6,0,0,100,0,0
acas004,0,0,0,4,3,0,0,100,0,0
acas005,0,0,0,4,4,0,0,100,0,0
acas006,0,0,0,4,4,0,0,100,0,0
acas007,0,0,0,4,4,0,0,100,0,0
acas008,0,0,0,4,4,0,0,100,0,0
acas011,0,0,0,4,4,0,0,100,0,0
acas013,0,0,0,4,4,0,0,100,0,0
acas014,0,0,0,4,4,0,0,100,0,0
acas015,0,0,0,4,4,0,0,100,0,0
acas016,0,0,0,4,3,0,0,100,0,0
acas017,0,0,0,4,4,0,0,100,0,0
acas019,0,0,0,4,3,0,0,100,0,0
acas022,0,0,0,4,4,0,0,100,0,0
acas023,0,0,0,4,4,0,0,100,0,0
acas026,0,0,0,4,3,0,0,100,0,0
acas029,0,0,0,4,3,0,0,100,0,0
acas030,0,0,0,4,3,0,0,100,0,0
acas032,0,0,0,4,4,0,0,100,0,0
acasirsub1,0,0,0,4,3,0,0,100,0,0
acasirsub4,0,0,0,4,3,0,0,100,0,0
analMT,0,0,0,4,5,0,0,100,0,0
auditMT,0,0,0,4,5,0,0,100,0,0
glbatchMT,0,0,0,4,5,0,0,100,0,0
irs,0,0,0,4,3,0,0,100,0,0
irs010,0,0,0,4,4,0,0,100,0,0
irs020,0,0,0,4,3,0,0,100,0,0
irs030,0,0,0,4,4,0,0,100,0,0
irsfinalMT,0,0,0,4,3,0,0,100,0,0
paymentsMT,0,0,0,4,6,0,0,100,0,0
pl020,0,0,0,4,3,0,0,100,0,0
pl070,0,0,0,4,3,0,0,100,0,0
pl095,0,0,0,4,3,0,0,100,0,0
pl120,0,0,0,4,3,0,0,100,0,0
pl160,0,0,0,4,3,0,0,100,0,0
sl070,0,0,0,4,3,0,0,100,0,0
sl095,0,0,0,4,3,0,0,100,0,0
sl160,0,0,0,4,3,0,0,100,0,0
sl830,0,0,0,4,5,0,0,100,0,0
sl830,0,0,0,4,5,0,0,100,0,0
stockMT,0,0,0,4,5,0,0,100,0,0
acas000,0,0,0,3,3,0,0,100,0,0
acasconvert1,0,0,0,3,2,0,0,100,0,0
acasconvert1,0,0,0,3,2,0,0,100,0,0
acasconvert3,0,0,0,3,2,0,0,100,0,0
acasirsub3,0,0,0,3,2,0,0,100,0,0
acasirsub5,0,0,0,3,2,0,0,100,0,0
gl051,0,0,0,3,3,0,0,100,0,0
gl080,0,0,0,3,2,0,0,100,0,0
maps04,0,0,0,3,2,0,0,100,0,0
pl090,0,0,0,3,2,0,0,100,0,0
pl115,0,0,0,3,2,0,0,100,0,0
pl140,0,0,0,3,2,0,0,100,0,0
sl050,0,0,0,3,2,0,0,100,0,0
sl090,0,0,0,3,2,0,0,100,0,0
sl115,0,0,0,3,2,0,0,100,0,0
sl120,0,0,0,3,2,0,0,100,0,0
sl140,0,0,0,3,2,0,0,100,0,0
sl940,0,0,0,3,3,0,0,100,0,0
sl970,0,0,0,3,4,0,0,100,0,0
ACAS,0,0,0,2,1,0,0,100,0,0
ACAS-Sysout,0,0,0,2,1,0,0,100,0,0
acas-get-params,0,0,0,2,1,0,0,100,0,0
acasconvert2,0,0,0,2,1,0,0,100,0,0
analLD,0,0,0,2,1,0,0,100,0,0
analRES,0,0,0,2,1,0,0,100,0,0
analUNL,0,0,0,2,1,0,0,100,0,0
auditLD,0,0,0,2,1,0,0,100,0,0
auditLD,0,0,0,2,1,0,0,100,0,0
auditRES,0,0,0,2,1,0,0,100,0,0
auditUNL,0,0,0,2,1,0,0,100,0,0
cobdump,0,0,0,2,2,0,0,100,0,0
delfolioRES,0,0,0,2,1,0,0,100,0,0
delfolioUNL,0,0,0,2,1,0,0,100,0,0
deliveryLD,0,0,0,2,1,0,0,100,0,0
deliveryRES,0,0,0,2,1,0,0,100,0,0
deliveryUNL,0,0,0,2,1,0,0,100,0,0
dfltLD,0,0,0,2,1,0,0,100,0,0
fhlogger,0,0,0,2,1,0,0,100,0,0
finalLD,0,0,0,2,1,0,0,100,0,0
general,0,0,0,2,1,0,0,100,0,0
gl000,0,0,0,2,1,0,0,100,0,0
gl020,0,0,0,2,1,0,0,100,0,0
gl050,0,0,0,2,2,0,0,100,0,0
gl060,0,0,0,2,1,0,0,100,0,0
gl070,0,0,0,2,1,0,0,100,0,0
gl071,0,0,0,2,1,0,0,100,0,0
gl072,0,0,0,2,1,0,0,100,0,0
gl090,0,0,0,2,1,0,0,100,0,0
gl090a,0,0,0,2,1,0,0,100,0,0
gl090b,0,0,0,2,1,0,0,100,0,0
gl100,0,0,0,2,1,0,0,100,0,0
gl105,0,0,0,2,1,0,0,100,0,0
gl120,0,0,0,2,1,0,0,100,0,0
glbatchLD,0,0,0,2,1,0,0,100,0,0
glbatchRES,0,0,0,2,1,0,0,100,0,0
glbatchUNL,0,0,0,2,1,0,0,100,0,0
glpostingLD,0,0,0,2,1,0,0,100,0,0
invoiceRES,0,0,0,2,1,0,0,100,0,0
invoiceUNL,0,0,0,2,1,0,0,100,0,0
irs000,0,0,0,2,1,0,0,100,0,0
irs040,0,0,0,2,1,0,0,100,0,0
irs050,0,0,0,2,1,0,0,100,0,0
irs055,0,0,0,2,1,0,0,100,0,0
irs065,0,0,0,2,1,0,0,100,0,0
irs070,0,0,0,2,2,0,0,100,0,0
irs080,0,0,0,2,1,0,0,100,0,0
irs085,0,0,0,2,1,0,0,100,0,0
irs090,0,0,0,2,1,0,0,100,0,0
irsdfltLD,0,0,0,2,1,0,0,100,0,0
irsdfltRES,0,0,0,2,1,0,0,100,0,0
irsdfltUNL,0,0,0,2,1,0,0,100,0,0
irsfinalLD,0,0,0,2,1,0,0,100,0,0
irsfinalRES,0,0,0,2,1,0,0,100,0,0
irsfinalUNL,0,0,0,2,1,0,0,100,0,0
irsnominalLD,0,0,0,2,1,0,0,100,0,0
irsnominalRES,0,0,0,2,1,0,0,100,0,0
irsnominalUNL,0,0,0,2,1,0,0,100,0,0
irsnominalUNL2,0,0,0,2,1,0,0,100,0,0
irspostingLD,0,0,0,2,1,0,0,100,0,0
irspostingRES,0,0,0,2,1,0,0,100,0,0
irspostingUNL,0,0,0,2,1,0,0,100,0,0
irsubp,0,0,0,2,1,0,0,100,0,0
maps01,0,0,0,2,1,0,0,100,0,0
maps09,0,0,0,2,1,0,0,100,0,0
nominalLD,0,0,0,2,1,0,0,100,0,0
nominalRES,0,0,0,2,1,0,0,100,0,0
nominalUNL,0,0,0,2,1,0,0,100,0,0
otm3LD,0,0,0,2,1,0,0,100,0,0
otm3RES,0,0,0,2,1,0,0,100,0,0
otm3UNL,0,0,0,2,1,0,0,100,0,0
otm5LD,0,0,0,2,1,0,0,100,0,0
otm5RES,0,0,0,2,1,0,0,100,0,0
otm5UNL,0,0,0,2,1,0,0,100,0,0
paymentsLD,0,0,0,2,1,0,0,100,0,0
paymentsRES,0,0,0,2,1,0,0,100,0,0
paymentsUNL,0,0,0,2,1,0,0,100,0,0
pl000,0,0,0,2,1,0,0,100,0,0
pl010,0,0,0,2,1,0,0,100,0,0
pl015,0,0,0,2,1,0,0,100,0,0
pl025,0,0,0,2,1,0,0,100,0,0
pl030,0,0,0,2,1,0,0,100,0,0
pl040,0,0,0,2,1,0,0,100,0,0
pl050,0,0,0,2,1,0,0,100,0,0
pl055,0,0,0,2,1,0,0,100,0,0
pl060,0,0,0,2,2,0,0,100,0,0
pl080,0,0,0,2,1,0,0,100,0,0
pl085,0,0,0,2,1,0,0,100,0,0
pl100,0,0,0,2,1,0,0,100,0,0
pl130,0,0,0,2,1,0,0,100,0,0
pl165,0,0,0,2,1,0,0,100,0,0
pl170,0,0,0,2,1,0,0,100,0,0
pl180,0,0,0,2,1,0,0,100,0,0
pl190,0,0,0,2,1,0,0,100,0,0
pl800,0,0,0,2,1,0,0,100,0,0
pl900,0,0,0,2,1,0,0,100,0,0
pl910,0,0,0,2,1,0,0,100,0,0
pl920,0,0,0,2,1,0,0,100,0,0
pl930,0,0,0,2,1,0,0,100,0,0
pl940,0,0,0,2,1,0,0,100,0,0
pl950,0,0,0,2,1,0,0,100,0,0
pl960,0,0,0,2,1,0,0,100,0,0
plautogenLD,0,0,0,2,1,0,0,100,0,0
plautogenRES,0,0,0,2,1,0,0,100,0,0
plautogenUNL,0,0,0,2,1,0,0,100,0,0
plinvoiceLD,0,0,0,2,1,0,0,100,0,0
postingRES,0,0,0,2,1,0,0,100,0,0
postingUNL,0,0,0,2,1,0,0,100,0,0
purchLD,0,0,0,2,1,0,0,100,0,0
purchase,0,0,0,2,1,0,0,100,0,0
sales,0,0,0,2,1,0,0,100,0,0
salesLD,0,0,0,2,1,0,0,100,0,0
salesRES,0,0,0,2,1,0,0,100,0,0
salesUNL,0,0,0,2,1,0,0,100,0,0
sl000,0,0,0,2,1,0,0,100,0,0
sl010,0,0,0,2,3,0,0,100,0,0
sl020,0,0,0,2,1,0,0,100,0,0
sl055,0,0,0,2,1,0,0,100,0,0
sl060,0,0,0,2,2,0,0,100,0,0
sl080,0,0,0,2,1,0,0,100,0,0
sl085,0,0,0,2,1,0,0,100,0,0
sl100,0,0,0,2,1,0,0,100,0,0
sl130,0,0,0,2,1,0,0,100,0,0
sl165,0,0,0,2,1,0,0,100,0,0
sl170,0,0,0,2,2,0,0,100,0,0
sl180,0,0,0,2,1,0,0,100,0,0
sl200,0,0,0,2,1,0,0,100,0,0
sl800,0,0,0,2,1,0,0,100,0,0
sl820,0,0,0,2,1,0,0,100,0,0
sl820,0,0,0,2,1,0,0,100,0,0
sl900,0,0,0,2,1,0,0,100,0,0
sl960,0,0,0,2,1,0,0,100,0,0
slautogenLD,0,0,0,2,1,0,0,100,0,0
slautogenRES,0,0,0,2,1,0,0,100,0,0
slautogenUNL,0,0,0,2,1,0,0,100,0,0
sldelinvnosLD,0,0,0,2,1,0,0,100,0,0
sldelinvnosRES,0,0,0,2,1,0,0,100,0,0
sldelinvnosUNL,0,0,0,2,1,0,0,100,0,0
slinvoiceLD,0,0,0,2,1,0,0,100,0,0
slpostingLD,0,0,0,2,1,0,0,100,0,0
slpostingRES,0,0,0,2,1,0,0,100,0,0
slpostingUNL,0,0,0,2,1,0,0,100,0,0
st000,0,0,0,2,1,0,0,100,0,0
st030,0,0,0,2,3,0,0,100,0,0
st050,0,0,0,2,1,0,0,100,0,0
stock,0,0,0,2,1,0,0,100,0,0
stockRES,0,0,0,2,1,0,0,100,0,0
stockUNL,0,0,0,2,1,0,0,100,0,0
stockconvert2,0,0,0,2,1,0,0,100,0,0
stockconvert3,0,0,0,2,1,0,0,100,0,0
sys4LD,0,0,0,2,1,0,0,100,0,0
takeon-1,0,0,0,2,1,0,0,100,0,0
takeon-2,0,0,0,2,1,0,0,100,0,0
valueLD,0,0,0,2,1,0,0,100,0,0
valueRES,0,0,0,2,1,0,0,100,0,0
valueUNL,0,0,0,2,1,0,0,100,0,0
xl160,0,0,0,2,1,0,0,100,0,0
create-system-dat,0,0,0,1,0,0,0,100,1,0
